<?xml version="1.0" encoding="UTF-8" standalone="yes"?>
<addon id="script.video.calcioplus" name="CALCIO+" version="0.1.0" provider-name="Freeteam">
  <requires>
    <import addon="xbmc.python" version="3.0.0"/>
    <import addon="script.module.dateutil" />
	<import addon="script.module.six" />
	<import addon="script.module.pyxbmct" />
	<import addon="script.module.requests" />
	<import addon="script.module.beautifulsoup4" />
	<import addon="script.module.pil" />
  </requires>
  <extension point="xbmc.python.script" library="default.py">
	<provides>video</provides>
  </extension>
  <extension point="xbmc.addon.metadata">
    <summary lang="en">Calcio+</summary>
    <description lang="en">Sport Streams</description>
    <disclaimer lang="en">All the streams on this add-on are hosted on the third party site and uploaded by other people. We are not responsible for any content that hosted on on the third-party sites. If you have any legal issues please contact appropriate video owners hosters.</disclaimer>
	  <language>EN</language>
    <license>GNU GPL, version 2</license>
    <twitter></twitter>
    <news>
      - compatible with Kodi18.x - 19.x - 20.x version
      - fix liveon resolver
    </news>
    <assets>
      <icon>icon.png</icon>
      <fanart>fanart.jpg</fanart>
    </assets>
  </extension>
</addon>
