<?xml version="1.0" encoding="UTF-8"?>
<window id="1111" type="dialog">
	<defaultcontrol>10</defaultcontrol>
  <!-- <animation effect="fade" time="1000">WindowOpen</animation> -->
  <!-- <animation effect="slide" end="0,576" time="100">WindowClose</animation> -->
	<controls>
		<control type="image">
			<left>0</left>
			<top>0</top>
			<width>1280</width>
			<height>720</height>
			<texture>icons/bg.png</texture>
			<colordiffuse>CC000000</colordiffuse>
			<visible>true</visible>
		</control>

		<control type="group" id="17">
			  <description>My first group control</description>
			  <left>250</left>
			  <top>160</top>
			  <width>250</width>
			  <height>630</height>
			  <defaultcontrol>10</defaultcontrol>
			  <visible>true</visible>

			<control type="image"  id="212">
				<left>00</left>
				<top>00</top>
				<width>760</width>
				<height>440</height>
				<texture>icons/b1.png</texture>
			</control>
			<control type="image">
				<left>00</left>
				<top>312</top>
				<width>760</width>
				<height>150</height>
				<colordiffuse>AA000000</colordiffuse>
				<texture>icons/bw.png</texture>
			</control>	
			<control type="image">
				<left>000</left>
				<top>400</top>
				<width>760</width>
				<height>40</height>
				<colordiffuse>FFFFFFFF</colordiffuse>
				<texture>icons/bw.png</texture>
			</control>
			<control type="image">
				<left>632</left>
				<top>312</top>
				<width>128</width>
				<height>128</height>
				<texture>icons/bw.png</texture>
			</control>
			<control type="image" id="216">
				<left>644</left>
				<top>324</top>
				<width>104</width>
				<height>104</height>
				<texture>icons/b1.png</texture>
			</control>
			<control type="label" id="213">
				<left>20</left>
				<top>320</top>
				<height>60</height>
				<width>600</width>
				<font>24</font>
				<label>$INFO[ListItem.Title]</label>
			</control>
			<control type="label"  id="214">
				<left>20</left>
				<top>360</top>
				<height>60</height>
				<width>600</width>
				<font>font10</font>
				<label>$INFO[ListItem.OriginalTitle]</label>
			</control>
			<control type="label"  id="215">
				<left>20</left>
				<top>410</top>
				<height>60</height>
				<width>600</width>
				<font>font10</font>
				<textcolor>FF000000</textcolor>
				<label>$INFO[ListItem.Label]</label>
			</control>
			<control type="image">
				<left>0</left>
				<top>440</top>
				<width>760</width>
				<height>128</height>
				<texture>icons/bw.png</texture>
				<colordiffuse>FFFFFFFF</colordiffuse>
			</control>

			<control type="list" id="10">
				<left>0</left>
				<top>440</top>
				<orientation>horizontal</orientation>
				<width>760</width>
				<height>96</height>
				<itemgap>10</itemgap>
				<itemlayout width="98" height="96">
					<control type="image">
						<left>5</left>
						<top>0</top>
						<width>96</width>
						<height>96</height>
						<texture>icons/bw.png</texture>
						<colordiffuse>FFDDDDDD</colordiffuse>
					</control>
					<control type="label">
						<left>5</left>
						<top>0</top>
						<height>96</height>
						<width>96</width>
						<font>font10</font>
						<textcolor>FFFFFFFF</textcolor>
						<label>$INFO[ListItem.OriginalTitle]</label>
					  <align>center</align>
					  <aligny>center</aligny>
					</control>
				</itemlayout>
				<focusedlayout width="98" height="96">
					<control type="image">
						<left>5</left>
						<top>0</top>
						<width>96</width>
						<height>96</height>
						<texture>icons/bw.png</texture>
						<colordiffuse>FFAAFF00</colordiffuse>
					</control>
					<control type="label">
						<left>5</left>
						<top>0</top>
						<height>96</height>
						<width>96</width>
						<font>font10</font>
						<textcolor>FF000000</textcolor>
						<label>$INFO[ListItem.Title]</label>
					  <align>center</align>
					  <aligny>center</aligny>
					</control>
				</focusedlayout>
			</control>

			<control type="label" id="222">
				<left>5</left>
				<top>539</top>
				<height>60</height>
				<width>600</width>
				<font>font10</font>
				<textcolor>FF000000</textcolor>
				<label>LINK</label>
			</control>

		</control>
	</controls>
</window>
