<?xml version="1.0" encoding="UTF-8"?>
<window>
  <animation effect="fade" time="1000">WindowOpen</animation>
  <animation effect="slide" end="0,576" time="100">WindowClose</animation>
	<zorder>2</zorder>
	<controls>
		<control type="image">
			<left>0</left>
			<top>0</top>
			<width>1280</width>
			<height>720</height>
			<texture>icons/bg.png</texture>
			<visible>true</visible>
		</control>
		<control type="image" id="12">
			<left>50</left>
			<top>20</top>
			<width>114</width>
			<height>48</height>
			<texture>icons/logo.png</texture>
			<!-- <animation effect="fade" start="100" end="0" time="2" tween="sine">Conditional</animation> -->
			<visible>true</visible>
		</control>

		<control type="button" id="201">
			  <description>settings</description>
			  <left>50</left>
			  <top>80</top>
			  <width>170</width>
			  <height>50</height>
			  <texturefocus colordiffuse="FF77FF88">icons/bw.png</texturefocus>
			  <texturenofocus colordiffuse="FFFFAAFF">icons/b1.png</texturenofocus>
			  <label>DIRETTA</label>
			  <font>font10</font>
			  <textcolor>FFFFFFFF</textcolor>
			  <focusedcolor>FF000000</focusedcolor>
			  <disabledcolor>80FFFFFF</disabledcolor>
			  <invalidcolor>FFFFFFFF</invalidcolor>
			  <align>center</align>
			  <aligny>center</aligny>
			  <pulseonselect>true</pulseonselect>
			  <onup>201</onup>
			  <ondown>99</ondown>
			  <onleft>201</onleft>
			  <onright>202</onright>
		</control>
		<control type="button" id="202">
			  <description>a</description>
			  <left>225</left>
			  <top>80</top>
			  <width>170</width>
			  <height>50</height>
			  <texturefocus colordiffuse="FF77FF88">icons/bw.png</texturefocus>
			  <texturenofocus colordiffuse="FFFFAAFF">icons/b1.png</texturenofocus>
			  <label>SERIE A</label>
			  <font>font10</font>
			  <textcolor>FFFFFFFF</textcolor>
			  <focusedcolor>FF000000</focusedcolor>
			  <disabledcolor>80FFFFFF</disabledcolor>
			  <invalidcolor>FFFFFFFF</invalidcolor>
			  <align>center</align>
			  <aligny>center</aligny>
			  <pulseonselect>true</pulseonselect>
			  <onup>202</onup>
			  <ondown>99</ondown>
			  <onleft>201</onleft>
			  <onright>203</onright>
		</control>
		<control type="button" id="203">
			  <description>prem</description>
			  <left>400</left>
			  <top>80</top>
			  <width>170</width>
			  <height>50</height>
			  <texturefocus colordiffuse="FF77FF88">icons/bw.png</texturefocus>
			  <texturenofocus colordiffuse="FFFFAAFF">icons/b1.png</texturenofocus>
			  <label>PREMIER LEAGUE</label>
			  <font>font10</font>
			  <textcolor>FFFFFFFF</textcolor>
			  <focusedcolor>FF000000</focusedcolor>
			  <disabledcolor>80FFFFFF</disabledcolor>
			  <invalidcolor>FFFFFFFF</invalidcolor>
			  <align>center</align>
			  <aligny>center</aligny>
			  <pulseonselect>true</pulseonselect>
			  <onup>203</onup>
			  <ondown>99</ondown>
			  <onleft>202</onleft>
			  <onright>204</onright>
		</control>
		<control type="button" id="204">
			  <description>liga</description>
			  <left>575</left>
			  <top>80</top>
			  <width>170</width>
			  <height>50</height>
			  <texturefocus colordiffuse="FF77FF88">icons/bw.png</texturefocus>
			  <texturenofocus colordiffuse="FFFFAAFF">icons/b1.png</texturenofocus>
			  <label>LA LIGA</label>
			  <font>font10</font>
			  <textcolor>FFFFFFFF</textcolor>
			  <focusedcolor>FF000000</focusedcolor>
			  <disabledcolor>80FFFFFF</disabledcolor>
			  <invalidcolor>FFFFFFFF</invalidcolor>
			  <align>center</align>
			  <aligny>center</aligny>
			  <pulseonselect>true</pulseonselect>
			  <onup>204</onup>
			  <ondown>99</ondown>
			  <onleft>203</onleft>
			  <onright>205</onright>
		</control>
		<control type="button" id="205">
			  <description>My first button control</description>
			  <left>750</left>
			  <top>80</top>
			  <width>170</width>
			  <height>50</height>
			  <texturefocus colordiffuse="FF77FF88">icons/bw.png</texturefocus>
			  <texturenofocus colordiffuse="FFFFAAFF">icons/b1.png</texturenofocus>
			  <label>BUNDESLIGA</label>
			  <font>font10</font>
			  <textcolor>FFFFFFFF</textcolor>
			  <focusedcolor>FF000000</focusedcolor>
			  <disabledcolor>80FFFFFF</disabledcolor>
			  <invalidcolor>FFFFFFFF</invalidcolor>
			  <align>center</align>
			  <aligny>center</aligny>
			  <pulseonselect>true</pulseonselect>
			  <onup>205</onup>
			  <ondown>99</ondown>
			  <onleft>204</onleft>
			  <onright>206</onright>
		</control>
		<control type="button" id="206">
			  <description>My first button control</description>
			  <left>925</left>
			  <top>80</top>
			  <width>170</width>
			  <height>50</height>
			  <texturefocus colordiffuse="FF77FF88">icons/bw.png</texturefocus>
			  <texturenofocus colordiffuse="FFFFAAFF">icons/b1.png</texturenofocus>
			  <label>LIGUE 1</label>
			  <font>font10</font>
			  <textcolor>FFFFFFFF</textcolor>
			  <focusedcolor>FF000000</focusedcolor>
			  <disabledcolor>80FFFFFF</disabledcolor>
			  <invalidcolor>FFFFFFFF</invalidcolor>
			  <align>center</align>
			  <aligny>center</aligny>
			  <pulseonselect>true</pulseonselect>
			  <onup>206</onup>
			  <ondown>99</ondown>
			  <onleft>205</onleft>
			  <onright>207</onright>
		</control>
		<control type="button" id="207">
			  <description>My first button control</description>
			  <left>1100</left>
			  <top>80</top>
			  <width>170</width>
			  <height>50</height>
			  <texturefocus colordiffuse="FF77FF88">icons/bw.png</texturefocus>
			  <texturenofocus colordiffuse="FFFFAAFF">icons/b1.png</texturenofocus>
			  <label>AGGIORNA</label>
			  <font>font10</font>
			  <textcolor>FFFFFFFF</textcolor>
			  <focusedcolor>FF000000</focusedcolor>
			  <disabledcolor>80FFFFFF</disabledcolor>
			  <invalidcolor>FFFFFFFF</invalidcolor>
			  <align>center</align>
			  <aligny>center</aligny>
			  <pulseonselect>true</pulseonselect>
			  <onclick>refresh</onclick>
			  <onup>207</onup>
			  <ondown>99</ondown>
			  <onleft>206</onleft>
			  <onright>207</onright>
		</control>

		<control type="grouplist" id="17">
		  <description>My first group list control</description>
		  <left>50</left>
		  <top>135</top>
		  <width>1230</width>
		  <height>580</height>
		  <itemgap>10</itemgap>
		  <pagecontrol>25</pagecontrol>
		  <scrolltime tween="sine" easing="out">200</scrolltime>
		  <orientation>vertical</orientation>
		  <usecontrolcoords>false</usecontrolcoords>
		  <visible>true</visible>
		  <onup>201</onup>
		  <ondown>99</ondown>
		  <onleft>99</onleft>
		  <onright>99</onright>
		  <align>top</align>
		<!-- 1 Row -->  
		<control type="list" id="10">
			<left>50</left>
			<top>0</top>
   		    <orientation>horizontal</orientation>
			<width>1230</width>
			<height>220</height>
			<itemlayout width="385" height="220">
				<control type="image">
					<left>0</left>
					<top>0</top>
					<width>380</width>
					<height>220</height>
					<texture>icons/b1.png</texture>
				</control>
				<control type="image">
					<left>0</left>
					<top>0</top>
					<width>380</width>
					<height>220</height>
					<texture>$INFO[ListItem.Art(thumb)]</texture>
				</control>
				<control type="image">
					<left>0</left>
					<top>130</top>
					<width>380</width>
					<height>90</height>
					<colordiffuse>DC000000</colordiffuse>
					<texture>icons/bw.png</texture>
				</control>	
				<control type="image">
					<left>0</left>
					<top>0</top>
					<width>380</width>
					<height>30</height>
					<colordiffuse>$INFO[ListItem.Art(poster)]</colordiffuse>
					<texture>icons/bw.png</texture>
				</control>
				<control type="label">
					<left>20</left>
					<top>4</top>
					<height>30</height>
					<width>380</width>
					<font>font10</font>
					<textcolor>FF000000</textcolor>
					<label>$INFO[ListItem.Art(landscape)]</label>
				</control>
				<control type="image">
					<left>0</left>
					<top>190</top>
					<width>380</width>
					<height>30</height>
					<colordiffuse>FFFFFFFF</colordiffuse>
					<texture>icons/bw.png</texture>
				</control>
				<control type="image">
					<left>316</left>
					<top>156</top>
					<width>64</width>
					<height>64</height>
					<texture>icons/bw.png</texture>
				</control>
				<control type="image">
					<left>322</left>
					<top>162</top>
					<width>52</width>
					<height>52</height>
					<texture>$INFO[ListItem.Art(clearlogo)]</texture>
				</control>
				<control type="label">
					<left>20</left>
					<top>130</top>
					<height>30</height>
					<width>300</width>
					<font>font10</font>
					<label>$INFO[ListItem.Title]</label>
				</control>
				<control type="label">
					<left>20</left>
					<top>160</top>
					<height>30</height>
					<width>300</width>
					<font>font10</font>
					<label>$INFO[ListItem.OriginalTitle]</label>
				</control>
				<control type="label">
					<left>20</left>
					<top>190</top>
					<height>30</height>
					<width>300</width>
					<font>font10</font>
					<textcolor>FF000000</textcolor>
					<label>$INFO[ListItem.Label]</label>
				</control>
			</itemlayout>
			<focusedlayout width="385" height="220">
				<control type="image">
					<left>0</left>
					<top>0</top>
					<width>380</width>
					<height>220</height>
					<texture>icons/b1.png</texture>
				</control>
				<control type="image">
					<left>0</left>
					<top>0</top>
					<width>380</width>
					<height>220</height>
					<texture>$INFO[ListItem.Art(thumb)]</texture>
				</control>
				<control type="image">
					<left>0</left>
					<top>130</top>
					<width>380</width>
					<height>90</height>
					<colordiffuse>DC000000</colordiffuse>
					<texture>icons/bw.png</texture>
				</control>	
				<control type="image">
					<left>0</left>
					<top>0</top>
					<width>380</width>
					<height>30</height>
					<colordiffuse>$INFO[ListItem.Art(poster)]</colordiffuse>
					<texture>icons/bw.png</texture>
				</control>
				<control type="label">
					<left>20</left>
					<top>4</top>
					<height>30</height>
					<width>380</width>
					<font>font10</font>
					<textcolor>FF000000</textcolor>
					<label>$INFO[ListItem.Art(landscape)]</label>
				</control>
				<control type="image">
					<left>0</left>
					<top>190</top>
					<width>380</width>
					<height>30</height>
					<colordiffuse>FFFFFFFF</colordiffuse>
					<texture>icons/bw.png</texture>
				</control>
				<control type="image">
					<left>0</left>
					<top>0</top>
					<width>380</width>
					<height>30</height>
					<colordiffuse>$INFO[ListItem.Art(poster)]</colordiffuse>
					<texture>icons/bw.png</texture>
					<visible></visible>
				</control>
				<control type="label">
					<left>20</left>
					<top>4</top>
					<height>30</height>
					<width>380</width>
					<font>font10</font>
					<textcolor>FF000000</textcolor>
					<label>$INFO[ListItem.Art(landscape)]</label>
				</control>
				<control type="image">
					<left>316</left>
					<top>156</top>
					<width>64</width>
					<height>64</height>
					<texture>icons/bw.png</texture>
				</control>
				<control type="image">
					<left>322</left>
					<top>162</top>
					<width>52</width>
					<height>52</height>
					<texture>$INFO[ListItem.Art(clearlogo)]</texture>
				</control>
				<control type="label">
					<left>20</left>
					<top>130</top>
					<height>30</height>
					<width>300</width>
					<font>font10</font>
					<label>$INFO[ListItem.Title]</label>
				</control>
				<control type="label">
					<left>20</left>
					<top>160</top>
					<height>30</height>
					<width>300</width>
					<font>font10</font>
					<label>$INFO[ListItem.OriginalTitle]</label>
				</control>
				<control type="label">
					<left>20</left>
					<top>190</top>
					<height>30</height>
					<width>300</width>
					<font>font10</font>
					<textcolor>FF000000</textcolor>
					<label>$INFO[ListItem.Label]</label>
				</control>
				<control type="image">
					<left>0</left>
					<top>0</top>
					<width>380</width>
					<height>220</height>
					<texture>$INFO[ListItem.Label2]</texture>
					<visible>true</visible>
				</control>
			</focusedlayout>
		</control>
		<!-- 2 Row -->
		<control type="list" id="20">
			<left>50</left>
			<top>220</top>
   		    <orientation>horizontal</orientation>
			<width>1230</width>
			<height>220</height>
			<itemlayout width="385" height="220">
				<control type="image">
					<left>0</left>
					<top>0</top>
					<width>380</width>
					<height>220</height>
					<texture>icons/b1.png</texture>
				</control>
				<control type="image">
					<left>0</left>
					<top>0</top>
					<width>380</width>
					<height>220</height>
					<texture>$INFO[ListItem.Art(thumb)]</texture>
				</control>
				<control type="image">
					<left>0</left>
					<top>130</top>
					<width>380</width>
					<height>90</height>
					<colordiffuse>DC000000</colordiffuse>
					<texture>icons/bw.png</texture>
				</control>
				<control type="image">
					<left>0</left>
					<top>0</top>
					<width>380</width>
					<height>30</height>
					<colordiffuse>$INFO[ListItem.Art(poster)]</colordiffuse>
					<texture>icons/bw.png</texture>
				</control>
				<control type="label">
					<left>20</left>
					<top>4</top>
					<height>30</height>
					<width>380</width>
					<font>font10</font>
					<textcolor>FF000000</textcolor>
					<label>$INFO[ListItem.Art(landscape)]</label>
				</control>
				<control type="image">
					<left>0</left>
					<top>190</top>
					<width>380</width>
					<height>30</height>
					<colordiffuse>FFFFFFFF</colordiffuse>
					<texture>icons/bw.png</texture>
				</control>
				<control type="image">
					<left>316</left>
					<top>156</top>
					<width>64</width>
					<height>64</height>
					<texture>icons/bw.png</texture>
				</control>
				<control type="image">
					<left>322</left>
					<top>162</top>
					<width>52</width>
					<height>52</height>
					<texture>$INFO[ListItem.Art(clearlogo)]</texture>
				</control>
				<control type="label">
					<left>20</left>
					<top>130</top>
					<height>30</height>
					<width>300</width>
					<font>font10</font>
					<label>$INFO[ListItem.Title]</label>
				</control>
				<control type="label">
					<left>20</left>
					<top>160</top>
					<height>30</height>
					<width>300</width>
					<font>font10</font>
					<label>$INFO[ListItem.OriginalTitle]</label>
				</control>
				<control type="label">
					<left>20</left>
					<top>190</top>
					<height>30</height>
					<width>300</width>
					<font>font10</font>
					<textcolor>FF000000</textcolor>
					<label>$INFO[ListItem.Label]</label>
				</control>
			</itemlayout>
			<focusedlayout width="385" height="220">
				<control type="image">
					<left>0</left>
					<top>0</top>
					<width>380</width>
					<height>220</height>
					<texture>icons/b1.png</texture>
				</control>
				<control type="image">
					<left>0</left>
					<top>0</top>
					<width>380</width>
					<height>220</height>
					<texture>$INFO[ListItem.Art(thumb)]</texture>
				</control>
				<control type="image">
					<left>0</left>
					<top>130</top>
					<width>380</width>
					<height>90</height>
					<colordiffuse>DC000000</colordiffuse>
					<texture>icons/bw.png</texture>
				</control>	
				<control type="image">
					<left>0</left>
					<top>0</top>
					<width>380</width>
					<height>30</height>
					<colordiffuse>$INFO[ListItem.Art(poster)]</colordiffuse>
					<texture>icons/bw.png</texture>
				</control>
				<control type="label">
					<left>20</left>
					<top>4</top>
					<height>30</height>
					<width>380</width>
					<font>font10</font>
					<textcolor>FF000000</textcolor>
					<label>$INFO[ListItem.Art(landscape)]</label>
				</control>
				<control type="image">
					<left>0</left>
					<top>190</top>
					<width>380</width>
					<height>30</height>
					<colordiffuse>FFFFFFFF</colordiffuse>
					<texture>icons/bw.png</texture>
				</control>
				<control type="image">
					<left>316</left>
					<top>156</top>
					<width>64</width>
					<height>64</height>
					<texture>icons/bw.png</texture>
				</control>
				<control type="image">
					<left>322</left>
					<top>162</top>
					<width>52</width>
					<height>52</height>
					<texture>$INFO[ListItem.Art(clearlogo)]</texture>
				</control>
				<control type="label">
					<left>20</left>
					<top>130</top>
					<height>30</height>
					<width>300</width>
					<font>font10</font>
					<label>$INFO[ListItem.Title]</label>
				</control>
				<control type="label">
					<left>20</left>
					<top>160</top>
					<height>30</height>
					<width>300</width>
					<font>font10</font>
					<label>$INFO[ListItem.OriginalTitle]</label>
				</control>
				<control type="label">
					<left>20</left>
					<top>190</top>
					<height>30</height>
					<width>300</width>
					<font>font10</font>
					<textcolor>FF000000</textcolor>
					<label>$INFO[ListItem.Label]</label>
				</control>
				<control type="image">
					<left>0</left>
					<top>0</top>
					<width>380</width>
					<height>220</height>
					<texture>$INFO[ListItem.Label2]</texture>
					<visible>true</visible>
				</control>
			</focusedlayout>
		</control>
		<!-- 3 Row -->
		<control type="list" id="30">
			<left>50</left>
			<top>440</top>
   		    <orientation>horizontal</orientation>
			<width>1230</width>
			<height>220</height>
			<itemlayout width="385" height="220">
				<control type="image">
					<left>0</left>
					<top>0</top>
					<width>380</width>
					<height>220</height>
					<texture>icons/b1.png</texture>
				</control>
				<control type="image">
					<left>0</left>
					<top>0</top>
					<width>380</width>
					<height>220</height>
					<texture>$INFO[ListItem.Art(thumb)]</texture>
				</control>
				<control type="image">
					<left>0</left>
					<top>130</top>
					<width>380</width>
					<height>90</height>
					<colordiffuse>DC000000</colordiffuse>
					<texture>icons/bw.png</texture>
				</control>	
				<control type="image">
					<left>0</left>
					<top>0</top>
					<width>380</width>
					<height>30</height>
					<colordiffuse>$INFO[ListItem.Art(poster)]</colordiffuse>
					<texture>icons/bw.png</texture>
				</control>
				<control type="label">
					<left>20</left>
					<top>4</top>
					<height>30</height>
					<width>380</width>
					<font>font10</font>
					<textcolor>FF000000</textcolor>
					<label>$INFO[ListItem.Art(landscape)]</label>
				</control>
				<control type="image">
					<left>0</left>
					<top>190</top>
					<width>380</width>
					<height>30</height>
					<colordiffuse>FFFFFFFF</colordiffuse>
					<texture>icons/bw.png</texture>
				</control>
				<control type="image">
					<left>316</left>
					<top>156</top>
					<width>64</width>
					<height>64</height>
					<texture>icons/bw.png</texture>
				</control>
				<control type="image">
					<left>322</left>
					<top>162</top>
					<width>52</width>
					<height>52</height>
					<texture>$INFO[ListItem.Art(clearlogo)]</texture>
				</control>
				<control type="label">
					<left>20</left>
					<top>130</top>
					<height>30</height>
					<width>300</width>
					<font>font10</font>
					<label>$INFO[ListItem.Title]</label>
				</control>
				<control type="label">
					<left>20</left>
					<top>160</top>
					<height>30</height>
					<width>300</width>
					<font>font10</font>
					<label>$INFO[ListItem.OriginalTitle]</label>
				</control>
				<control type="label">
					<left>20</left>
					<top>190</top>
					<height>30</height>
					<width>300</width>
					<font>font10</font>
					<textcolor>FF000000</textcolor>
					<label>$INFO[ListItem.Label]</label>
				</control>
			</itemlayout>
			<focusedlayout width="385" height="220">
				<control type="image">
					<left>0</left>
					<top>0</top>
					<width>380</width>
					<height>220</height>
					<texture>icons/b1.png</texture>
				</control>
				<control type="image">
					<left>0</left>
					<top>0</top>
					<width>380</width>
					<height>220</height>
					<texture>$INFO[ListItem.Art(thumb)]</texture>
				</control>
				<control type="image">
					<left>0</left>
					<top>130</top>
					<width>380</width>
					<height>90</height>
					<colordiffuse>DC000000</colordiffuse>
					<texture>icons/bw.png</texture>
				</control>	
				<control type="image">
					<left>0</left>
					<top>0</top>
					<width>380</width>
					<height>30</height>
					<colordiffuse>$INFO[ListItem.Art(poster)]</colordiffuse>
					<texture>icons/bw.png</texture>
				</control>
				<control type="label">
					<left>20</left>
					<top>4</top>
					<height>30</height>
					<width>380</width>
					<font>font10</font>
					<textcolor>FF000000</textcolor>
					<label>$INFO[ListItem.Art(landscape)]</label>
				</control>
				<control type="image">
					<left>0</left>
					<top>190</top>
					<width>380</width>
					<height>30</height>
					<colordiffuse>FFFFFFFF</colordiffuse>
					<texture>icons/bw.png</texture>
				</control>
				<control type="image">
					<left>316</left>
					<top>156</top>
					<width>64</width>
					<height>64</height>
					<texture>icons/bw.png</texture>
				</control>
				<control type="image">
					<left>322</left>
					<top>162</top>
					<width>52</width>
					<height>52</height>
					<texture>$INFO[ListItem.Art(clearlogo)]</texture>
				</control>
				<control type="label">
					<left>20</left>
					<top>130</top>
					<height>30</height>
					<width>300</width>
					<font>font10</font>
					<label>$INFO[ListItem.Title]</label>
				</control>
				<control type="label">
					<left>20</left>
					<top>160</top>
					<height>30</height>
					<width>300</width>
					<font>font10</font>
					<label>$INFO[ListItem.OriginalTitle]</label>
				</control>
				<control type="label">
					<left>20</left>
					<top>190</top>
					<height>30</height>
					<width>300</width>
					<font>font10</font>
					<textcolor>FF000000</textcolor>
					<label>$INFO[ListItem.Label]</label>
				</control>
				<control type="image">
					<left>0</left>
					<top>0</top>
					<width>380</width>
					<height>220</height>
					<texture>$INFO[ListItem.Label2]</texture>
					<visible>true</visible>
				</control>
			</focusedlayout>
		</control>
		<!-- 4 Row -->
		<control type="list" id="40">
			<left>50</left>
			<top>660</top>
   		    <orientation>horizontal</orientation>
			<width>1230</width>
			<height>220</height>
			<itemlayout width="385" height="220">
				<control type="image">
					<left>0</left>
					<top>0</top>
					<width>380</width>
					<height>220</height>
					<texture>icons/b1.png</texture>
				</control>
				<control type="image">
					<left>0</left>
					<top>0</top>
					<width>380</width>
					<height>220</height>
					<texture>$INFO[ListItem.Art(thumb)]</texture>
				</control>
				<control type="image">
					<left>0</left>
					<top>130</top>
					<width>380</width>
					<height>90</height>
					<colordiffuse>DC000000</colordiffuse>
					<texture>icons/bw.png</texture>
				</control>	
				<control type="image">
					<left>0</left>
					<top>0</top>
					<width>380</width>
					<height>30</height>
					<colordiffuse>$INFO[ListItem.Art(poster)]</colordiffuse>
					<texture>icons/bw.png</texture>
				</control>
				<control type="label">
					<left>20</left>
					<top>4</top>
					<height>30</height>
					<width>380</width>
					<font>font10</font>
					<textcolor>FF000000</textcolor>
					<label>$INFO[ListItem.Art(landscape)]</label>
				</control>
				<control type="image">
					<left>0</left>
					<top>190</top>
					<width>380</width>
					<height>30</height>
					<colordiffuse>FFFFFFFF</colordiffuse>
					<texture>icons/bw.png</texture>
				</control>
				<control type="image">
					<left>316</left>
					<top>156</top>
					<width>64</width>
					<height>64</height>
					<texture>icons/bw.png</texture>
				</control>
				<control type="image">
					<left>322</left>
					<top>162</top>
					<width>52</width>
					<height>52</height>
					<texture>$INFO[ListItem.Art(clearlogo)]</texture>
				</control>
				<control type="label">
					<left>20</left>
					<top>130</top>
					<height>30</height>
					<width>300</width>
					<font>font10</font>
					<label>$INFO[ListItem.Title]</label>
				</control>
				<control type="label">
					<left>20</left>
					<top>160</top>
					<height>30</height>
					<width>300</width>
					<font>font10</font>
					<label>$INFO[ListItem.OriginalTitle]</label>
				</control>
				<control type="label">
					<left>20</left>
					<top>190</top>
					<height>30</height>
					<width>300</width>
					<font>font10</font>
					<textcolor>FF000000</textcolor>
					<label>$INFO[ListItem.Label]</label>
				</control>
			</itemlayout>
			<focusedlayout width="385" height="220">
				<control type="image">
					<left>0</left>
					<top>0</top>
					<width>380</width>
					<height>220</height>
					<texture>icons/b1.png</texture>
				</control>
				<control type="image">
					<left>0</left>
					<top>0</top>
					<width>380</width>
					<height>220</height>
					<texture>$INFO[ListItem.Art(thumb)]</texture>
				</control>
				<control type="image">
					<left>0</left>
					<top>130</top>
					<width>380</width>
					<height>90</height>
					<colordiffuse>DC000000</colordiffuse>
					<texture>icons/bw.png</texture>
				</control>	
				<control type="image">
					<left>0</left>
					<top>0</top>
					<width>380</width>
					<height>30</height>
					<colordiffuse>$INFO[ListItem.Art(poster)]</colordiffuse>
					<texture>icons/bw.png</texture>
				</control>
				<control type="label">
					<left>20</left>
					<top>4</top>
					<height>30</height>
					<width>380</width>
					<font>font10</font>
					<textcolor>FF000000</textcolor>
					<label>$INFO[ListItem.Art(landscape)]</label>
				</control>
				<control type="image">
					<left>0</left>
					<top>190</top>
					<width>380</width>
					<height>30</height>
					<colordiffuse>FFFFFFFF</colordiffuse>
					<texture>icons/bw.png</texture>
				</control>
				<control type="image">
					<left>316</left>
					<top>156</top>
					<width>64</width>
					<height>64</height>
					<texture>icons/bw.png</texture>
				</control>
				<control type="image">
					<left>322</left>
					<top>162</top>
					<width>52</width>
					<height>52</height>
					<texture>$INFO[ListItem.Art(clearlogo)]</texture>
				</control>
				<control type="label">
					<left>20</left>
					<top>130</top>
					<height>30</height>
					<width>300</width>
					<font>font10</font>
					<label>$INFO[ListItem.Title]</label>
				</control>
				<control type="label">
					<left>20</left>
					<top>160</top>
					<height>30</height>
					<width>300</width>
					<font>font10</font>
					<label>$INFO[ListItem.OriginalTitle]</label>
				</control>
				<control type="label">
					<left>20</left>
					<top>190</top>
					<height>30</height>
					<width>300</width>
					<font>font10</font>
					<textcolor>FF000000</textcolor>
					<label>$INFO[ListItem.Label]</label>
				</control>
				<control type="image">
					<left>0</left>
					<top>0</top>
					<width>380</width>
					<height>220</height>
					<texture>$INFO[ListItem.Label2]</texture>
					<visible>true</visible>
				</control>
			</focusedlayout>
		</control>
		<!-- 5 Row -->
		<control type="list" id="50">
			<left>50</left>
			<top>880</top>
   		    <orientation>horizontal</orientation>
			<width>1230</width>
			<height>220</height>
			<itemlayout width="385" height="220">
				<control type="image">
					<left>0</left>
					<top>0</top>
					<width>380</width>
					<height>220</height>
					<texture>icons/b1.png</texture>
				</control>
				<control type="image">
					<left>0</left>
					<top>0</top>
					<width>380</width>
					<height>220</height>
					<texture>$INFO[ListItem.Art(thumb)]</texture>
				</control>
				<control type="image">
					<left>0</left>
					<top>130</top>
					<width>380</width>
					<height>90</height>
					<colordiffuse>DC000000</colordiffuse>
					<texture>icons/bw.png</texture>
				</control>	
				<control type="image">
					<left>0</left>
					<top>0</top>
					<width>380</width>
					<height>30</height>
					<colordiffuse>$INFO[ListItem.Art(poster)]</colordiffuse>
					<texture>icons/bw.png</texture>
				</control>
				<control type="label">
					<left>20</left>
					<top>4</top>
					<height>30</height>
					<width>380</width>
					<font>font10</font>
					<textcolor>FF000000</textcolor>
					<label>$INFO[ListItem.Art(landscape)]</label>
				</control>
				<control type="image">
					<left>0</left>
					<top>190</top>
					<width>380</width>
					<height>30</height>
					<colordiffuse>FFFFFFFF</colordiffuse>
					<texture>icons/bw.png</texture>
				</control>
				<control type="image">
					<left>316</left>
					<top>156</top>
					<width>64</width>
					<height>64</height>
					<texture>icons/bw.png</texture>
				</control>
				<control type="image">
					<left>322</left>
					<top>162</top>
					<width>52</width>
					<height>52</height>
					<texture>$INFO[ListItem.Art(clearlogo)]</texture>
				</control>
				<control type="label">
					<left>20</left>
					<top>130</top>
					<height>30</height>
					<width>300</width>
					<font>font10</font>
					<label>$INFO[ListItem.Title]</label>
				</control>
				<control type="label">
					<left>20</left>
					<top>160</top>
					<height>30</height>
					<width>300</width>
					<font>font10</font>
					<label>$INFO[ListItem.OriginalTitle]</label>
				</control>
				<control type="label">
					<left>20</left>
					<top>190</top>
					<height>30</height>
					<width>300</width>
					<font>font10</font>
					<textcolor>FF000000</textcolor>
					<label>$INFO[ListItem.Label]</label>
				</control>
			</itemlayout>
			<focusedlayout width="385" height="220">
				<control type="image">
					<left>0</left>
					<top>0</top>
					<width>380</width>
					<height>220</height>
					<texture>icons/b1.png</texture>
				</control>
				<control type="image">
					<left>0</left>
					<top>0</top>
					<width>380</width>
					<height>220</height>
					<texture>$INFO[ListItem.Art(thumb)]</texture>
				</control>
				<control type="image">
					<left>0</left>
					<top>130</top>
					<width>380</width>
					<height>90</height>
					<colordiffuse>DC000000</colordiffuse>
					<texture>icons/bw.png</texture>
				</control>	
				<control type="image">
					<left>0</left>
					<top>0</top>
					<width>380</width>
					<height>30</height>
					<colordiffuse>$INFO[ListItem.Art(poster)]</colordiffuse>
					<texture>icons/bw.png</texture>
				</control>
				<control type="label">
					<left>20</left>
					<top>4</top>
					<height>30</height>
					<width>380</width>
					<font>font10</font>
					<textcolor>FF000000</textcolor>
					<label>$INFO[ListItem.Art(landscape)]</label>
				</control>
				<control type="image">
					<left>0</left>
					<top>190</top>
					<width>380</width>
					<height>30</height>
					<colordiffuse>FFFFFFFF</colordiffuse>
					<texture>icons/bw.png</texture>
				</control>
				<control type="image">
					<left>316</left>
					<top>156</top>
					<width>64</width>
					<height>64</height>
					<texture>icons/bw.png</texture>
				</control>
				<control type="image">
					<left>322</left>
					<top>162</top>
					<width>52</width>
					<height>52</height>
					<texture>$INFO[ListItem.Art(clearlogo)]</texture>
				</control>
				<control type="label">
					<left>20</left>
					<top>130</top>
					<height>30</height>
					<width>300</width>
					<font>font10</font>
					<label>$INFO[ListItem.Title]</label>
				</control>
				<control type="label">
					<left>20</left>
					<top>160</top>
					<height>30</height>
					<width>300</width>
					<font>font10</font>
					<label>$INFO[ListItem.OriginalTitle]</label>
				</control>
				<control type="label">
					<left>20</left>
					<top>190</top>
					<height>30</height>
					<width>300</width>
					<font>font10</font>
					<textcolor>FF000000</textcolor>
					<label>$INFO[ListItem.Label]</label>
				</control>
				<control type="image">
					<left>0</left>
					<top>0</top>
					<width>380</width>
					<height>220</height>
					<texture>$INFO[ListItem.Label2]</texture>
					<visible>true</visible>
				</control>
			</focusedlayout>
		</control>
		<!-- 6 Row -->
		<control type="list" id="60">
			<left>50</left>
			<top>1100</top>
   		    <orientation>horizontal</orientation>
			<width>1230</width>
			<height>220</height>
			<itemlayout width="385" height="220">
				<control type="image">
					<left>0</left>
					<top>0</top>
					<width>380</width>
					<height>220</height>
					<texture>icons/b1.png</texture>
				</control>
				<control type="image">
					<left>0</left>
					<top>0</top>
					<width>380</width>
					<height>220</height>
					<texture>$INFO[ListItem.Art(thumb)]</texture>
				</control>
				<control type="image">
					<left>0</left>
					<top>130</top>
					<width>380</width>
					<height>90</height>
					<colordiffuse>DC000000</colordiffuse>
					<texture>icons/bw.png</texture>
				</control>	
				<control type="image">
					<left>0</left>
					<top>0</top>
					<width>380</width>
					<height>30</height>
					<colordiffuse>$INFO[ListItem.Art(poster)]</colordiffuse>
					<texture>icons/bw.png</texture>
				</control>
				<control type="label">
					<left>20</left>
					<top>4</top>
					<height>30</height>
					<width>380</width>
					<font>font10</font>
					<textcolor>FF000000</textcolor>
					<label>$INFO[ListItem.Art(landscape)]</label>
				</control>
				<control type="image">
					<left>0</left>
					<top>190</top>
					<width>380</width>
					<height>30</height>
					<colordiffuse>FFFFFFFF</colordiffuse>
					<texture>icons/bw.png</texture>
				</control>
				<control type="image">
					<left>316</left>
					<top>156</top>
					<width>64</width>
					<height>64</height>
					<texture>icons/bw.png</texture>
				</control>
				<control type="image">
					<left>322</left>
					<top>162</top>
					<width>52</width>
					<height>52</height>
					<texture>$INFO[ListItem.Art(clearlogo)]</texture>
				</control>
				<control type="label">
					<left>20</left>
					<top>130</top>
					<height>30</height>
					<width>300</width>
					<font>font10</font>
					<label>$INFO[ListItem.Title]</label>
				</control>
				<control type="label">
					<left>20</left>
					<top>160</top>
					<height>30</height>
					<width>300</width>
					<font>font10</font>
					<label>$INFO[ListItem.OriginalTitle]</label>
				</control>
				<control type="label">
					<left>20</left>
					<top>190</top>
					<height>30</height>
					<width>300</width>
					<font>font10</font>
					<textcolor>FF000000</textcolor>
					<label>$INFO[ListItem.Label]</label>
				</control>
			</itemlayout>
			<focusedlayout width="385" height="220">
				<control type="image">
					<left>0</left>
					<top>0</top>
					<width>380</width>
					<height>220</height>
					<texture>icons/b1.png</texture>
				</control>
				<control type="image">
					<left>0</left>
					<top>0</top>
					<width>380</width>
					<height>220</height>
					<texture>$INFO[ListItem.Art(thumb)]</texture>
				</control>
				<control type="image">
					<left>0</left>
					<top>130</top>
					<width>380</width>
					<height>90</height>
					<colordiffuse>DC000000</colordiffuse>
					<texture>icons/bw.png</texture>
				</control>	
				<control type="image">
					<left>0</left>
					<top>0</top>
					<width>380</width>
					<height>30</height>
					<colordiffuse>$INFO[ListItem.Art(poster)]</colordiffuse>
					<texture>icons/bw.png</texture>
				</control>
				<control type="label">
					<left>20</left>
					<top>4</top>
					<height>30</height>
					<width>380</width>
					<font>font10</font>
					<textcolor>FF000000</textcolor>
					<label>$INFO[ListItem.Art(landscape)]</label>
				</control>
				<control type="image">
					<left>0</left>
					<top>190</top>
					<width>380</width>
					<height>30</height>
					<colordiffuse>FFFFFFFF</colordiffuse>
					<texture>icons/bw.png</texture>
				</control>
				<control type="image">
					<left>316</left>
					<top>156</top>
					<width>64</width>
					<height>64</height>
					<texture>icons/bw.png</texture>
				</control>
				<control type="image">
					<left>322</left>
					<top>162</top>
					<width>52</width>
					<height>52</height>
					<texture>$INFO[ListItem.Art(clearlogo)]</texture>
				</control>
				<control type="label">
					<left>20</left>
					<top>130</top>
					<height>30</height>
					<width>300</width>
					<font>font10</font>
					<label>$INFO[ListItem.Title]</label>
				</control>
				<control type="label">
					<left>20</left>
					<top>160</top>
					<height>30</height>
					<width>300</width>
					<font>font10</font>
					<label>$INFO[ListItem.OriginalTitle]</label>
				</control>
				<control type="label">
					<left>20</left>
					<top>190</top>
					<height>30</height>
					<width>300</width>
					<font>font10</font>
					<textcolor>FF000000</textcolor>
					<label>$INFO[ListItem.Label]</label>
				</control>
				<control type="image">
					<left>0</left>
					<top>0</top>
					<width>380</width>
					<height>220</height>
					<texture>$INFO[ListItem.Label2]</texture>
					<visible>true</visible>
				</control>
			</focusedlayout>
		</control>
		<!-- 7 Row -->
		<control type="list" id="70">
			<left>50</left>
			<top>1330</top>
   		    <orientation>horizontal</orientation>
			<width>1230</width>
			<height>220</height>
			<itemlayout width="385" height="220">
				<control type="image">
					<left>0</left>
					<top>0</top>
					<width>380</width>
					<height>220</height>
					<texture>icons/b1.png</texture>
				</control>
				<control type="image">
					<left>0</left>
					<top>0</top>
					<width>380</width>
					<height>220</height>
					<texture>$INFO[ListItem.Art(thumb)]</texture>
				</control>
				<control type="image">
					<left>0</left>
					<top>130</top>
					<width>380</width>
					<height>90</height>
					<colordiffuse>DC000000</colordiffuse>
					<texture>icons/bw.png</texture>
				</control>	
				<control type="image">
					<left>0</left>
					<top>0</top>
					<width>380</width>
					<height>30</height>
					<colordiffuse>$INFO[ListItem.Art(poster)]</colordiffuse>
					<texture>icons/bw.png</texture>
				</control>
				<control type="label">
					<left>20</left>
					<top>4</top>
					<height>30</height>
					<width>380</width>
					<font>font10</font>
					<textcolor>FF000000</textcolor>
					<label>$INFO[ListItem.Art(landscape)]</label>
				</control>
				<control type="image">
					<left>0</left>
					<top>190</top>
					<width>380</width>
					<height>30</height>
					<colordiffuse>FFFFFFFF</colordiffuse>
					<texture>icons/bw.png</texture>
				</control>
				<control type="image">
					<left>316</left>
					<top>156</top>
					<width>64</width>
					<height>64</height>
					<texture>icons/bw.png</texture>
				</control>
				<control type="image">
					<left>322</left>
					<top>162</top>
					<width>52</width>
					<height>52</height>
					<texture>$INFO[ListItem.Art(clearlogo)]</texture>
				</control>
				<control type="label">
					<left>20</left>
					<top>130</top>
					<height>30</height>
					<width>300</width>
					<font>font10</font>
					<label>$INFO[ListItem.Title]</label>
				</control>
				<control type="label">
					<left>20</left>
					<top>160</top>
					<height>30</height>
					<width>300</width>
					<font>font10</font>
					<label>$INFO[ListItem.OriginalTitle]</label>
				</control>
				<control type="label">
					<left>20</left>
					<top>190</top>
					<height>30</height>
					<width>300</width>
					<font>font10</font>
					<textcolor>FF000000</textcolor>
					<label>$INFO[ListItem.Label]</label>
				</control>
			</itemlayout>
			<focusedlayout width="385" height="220">
				<control type="image">
					<left>0</left>
					<top>0</top>
					<width>380</width>
					<height>220</height>
					<texture>icons/b1.png</texture>
				</control>
				<control type="image">
					<left>0</left>
					<top>0</top>
					<width>380</width>
					<height>220</height>
					<texture>$INFO[ListItem.Art(thumb)]</texture>
				</control>
				<control type="image">
					<left>0</left>
					<top>130</top>
					<width>380</width>
					<height>90</height>
					<colordiffuse>DC000000</colordiffuse>
					<texture>icons/bw.png</texture>
				</control>	
				<control type="image">
					<left>0</left>
					<top>0</top>
					<width>380</width>
					<height>30</height>
					<colordiffuse>$INFO[ListItem.Art(poster)]</colordiffuse>
					<texture>icons/bw.png</texture>
				</control>
				<control type="label">
					<left>20</left>
					<top>4</top>
					<height>30</height>
					<width>380</width>
					<font>font10</font>
					<textcolor>FF000000</textcolor>
					<label>$INFO[ListItem.Art(landscape)]</label>
				</control>
				<control type="image">
					<left>0</left>
					<top>190</top>
					<width>380</width>
					<height>30</height>
					<colordiffuse>FFFFFFFF</colordiffuse>
					<texture>icons/bw.png</texture>
				</control>
				<control type="image">
					<left>316</left>
					<top>156</top>
					<width>64</width>
					<height>64</height>
					<texture>icons/bw.png</texture>
				</control>
				<control type="image">
					<left>322</left>
					<top>162</top>
					<width>52</width>
					<height>52</height>
					<texture>$INFO[ListItem.Art(clearlogo)]</texture>
				</control>
				<control type="label">
					<left>20</left>
					<top>130</top>
					<height>30</height>
					<width>300</width>
					<font>font10</font>
					<label>$INFO[ListItem.Title]</label>
				</control>
				<control type="label">
					<left>20</left>
					<top>160</top>
					<height>30</height>
					<width>300</width>
					<font>font10</font>
					<label>$INFO[ListItem.OriginalTitle]</label>
				</control>
				<control type="label">
					<left>20</left>
					<top>190</top>
					<height>30</height>
					<width>300</width>
					<font>font10</font>
					<textcolor>FF000000</textcolor>
					<label>$INFO[ListItem.Label]</label>
				</control>
				<control type="image">
					<left>0</left>
					<top>0</top>
					<width>380</width>
					<height>220</height>
					<texture>$INFO[ListItem.Label2]</texture>
					<visible>true</visible>
				</control>
			</focusedlayout>
		</control>
		<!-- 8 Row -->
		<control type="list" id="80">
			<left>50</left>
			<top>1550</top>
   		    <orientation>horizontal</orientation>
			<width>1230</width>
			<height>220</height>
			<itemlayout width="385" height="220">
				<control type="image">
					<left>0</left>
					<top>0</top>
					<width>380</width>
					<height>220</height>
					<texture>icons/b1.png</texture>
				</control>
				<control type="image">
					<left>0</left>
					<top>0</top>
					<width>380</width>
					<height>220</height>
					<texture>$INFO[ListItem.Art(thumb)]</texture>
				</control>
				<control type="image">
					<left>0</left>
					<top>130</top>
					<width>380</width>
					<height>90</height>
					<colordiffuse>DC000000</colordiffuse>
					<texture>icons/bw.png</texture>
				</control>	
				<control type="image">
					<left>0</left>
					<top>0</top>
					<width>380</width>
					<height>30</height>
					<colordiffuse>$INFO[ListItem.Art(poster)]</colordiffuse>
					<texture>icons/bw.png</texture>
				</control>
				<control type="label">
					<left>20</left>
					<top>4</top>
					<height>30</height>
					<width>380</width>
					<font>font10</font>
					<textcolor>FF000000</textcolor>
					<label>$INFO[ListItem.Art(landscape)]</label>
				</control>
				<control type="image">
					<left>0</left>
					<top>190</top>
					<width>380</width>
					<height>30</height>
					<colordiffuse>FFFFFFFF</colordiffuse>
					<texture>icons/bw.png</texture>
				</control>
				<control type="image">
					<left>316</left>
					<top>156</top>
					<width>64</width>
					<height>64</height>
					<texture>icons/bw.png</texture>
				</control>
				<control type="image">
					<left>322</left>
					<top>162</top>
					<width>52</width>
					<height>52</height>
					<texture>$INFO[ListItem.Art(clearlogo)]</texture>
				</control>
				<control type="label">
					<left>20</left>
					<top>130</top>
					<height>30</height>
					<width>300</width>
					<font>font10</font>
					<label>$INFO[ListItem.Title]</label>
				</control>
				<control type="label">
					<left>20</left>
					<top>160</top>
					<height>30</height>
					<width>300</width>
					<font>font10</font>
					<label>$INFO[ListItem.OriginalTitle]</label>
				</control>
				<control type="label">
					<left>20</left>
					<top>190</top>
					<height>30</height>
					<width>300</width>
					<font>font10</font>
					<textcolor>FF000000</textcolor>
					<label>$INFO[ListItem.Label]</label>
				</control>
			</itemlayout>
			<focusedlayout width="385" height="220">
				<control type="image">
					<left>0</left>
					<top>0</top>
					<width>380</width>
					<height>220</height>
					<texture>icons/b1.png</texture>
				</control>
				<control type="image">
					<left>0</left>
					<top>0</top>
					<width>380</width>
					<height>220</height>
					<texture>$INFO[ListItem.Art(thumb)]</texture>
				</control>
				<control type="image">
					<left>0</left>
					<top>130</top>
					<width>380</width>
					<height>90</height>
					<colordiffuse>DC000000</colordiffuse>
					<texture>icons/bw.png</texture>
				</control>	
				<control type="image">
					<left>0</left>
					<top>0</top>
					<width>380</width>
					<height>30</height>
					<colordiffuse>$INFO[ListItem.Art(poster)]</colordiffuse>
					<texture>icons/bw.png</texture>
				</control>
				<control type="label">
					<left>20</left>
					<top>4</top>
					<height>30</height>
					<width>380</width>
					<font>font10</font>
					<textcolor>FF000000</textcolor>
					<label>$INFO[ListItem.Art(landscape)]</label>
				</control>
				<control type="image">
					<left>0</left>
					<top>190</top>
					<width>380</width>
					<height>30</height>
					<colordiffuse>FFFFFFFF</colordiffuse>
					<texture>icons/bw.png</texture>
				</control>
				<control type="image">
					<left>316</left>
					<top>156</top>
					<width>64</width>
					<height>64</height>
					<texture>icons/bw.png</texture>
				</control>
				<control type="image">
					<left>322</left>
					<top>162</top>
					<width>52</width>
					<height>52</height>
					<texture>$INFO[ListItem.Art(clearlogo)]</texture>
				</control>
				<control type="label">
					<left>20</left>
					<top>130</top>
					<height>30</height>
					<width>300</width>
					<font>font10</font>
					<label>$INFO[ListItem.Title]</label>
				</control>
				<control type="label">
					<left>20</left>
					<top>160</top>
					<height>30</height>
					<width>300</width>
					<font>font10</font>
					<label>$INFO[ListItem.OriginalTitle]</label>
				</control>
				<control type="label">
					<left>20</left>
					<top>190</top>
					<height>30</height>
					<width>300</width>
					<font>font10</font>
					<textcolor>FF000000</textcolor>
					<label>$INFO[ListItem.Label]</label>
				</control>
				<control type="image">
					<left>0</left>
					<top>0</top>
					<width>380</width>
					<height>220</height>
					<texture>$INFO[ListItem.Label2]</texture>
					<visible>true</visible>
				</control>
			</focusedlayout>
		</control>
		<!-- 9 Row -->
		<control type="list" id="90">
			<left>50</left>
			<top>1770</top>
   		    <orientation>horizontal</orientation>
			<width>1230</width>
			<height>220</height>
			<itemlayout width="385" height="220">
				<control type="image">
					<left>0</left>
					<top>0</top>
					<width>380</width>
					<height>220</height>
					<texture>icons/b1.png</texture>
				</control>
				<control type="image">
					<left>0</left>
					<top>0</top>
					<width>380</width>
					<height>220</height>
					<texture>$INFO[ListItem.Art(thumb)]</texture>
				</control>
				<control type="image">
					<left>0</left>
					<top>130</top>
					<width>380</width>
					<height>90</height>
					<colordiffuse>DC000000</colordiffuse>
					<texture>icons/bw.png</texture>
				</control>	
				<control type="image">
					<left>0</left>
					<top>0</top>
					<width>380</width>
					<height>30</height>
					<colordiffuse>$INFO[ListItem.Art(poster)]</colordiffuse>
					<texture>icons/bw.png</texture>
				</control>
				<control type="label">
					<left>20</left>
					<top>4</top>
					<height>30</height>
					<width>380</width>
					<font>font10</font>
					<textcolor>FF000000</textcolor>
					<label>$INFO[ListItem.Art(landscape)]</label>
				</control>
				<control type="image">
					<left>0</left>
					<top>190</top>
					<width>380</width>
					<height>30</height>
					<colordiffuse>FFFFFFFF</colordiffuse>
					<texture>icons/bw.png</texture>
				</control>
				<control type="image">
					<left>316</left>
					<top>156</top>
					<width>64</width>
					<height>64</height>
					<texture>icons/bw.png</texture>
				</control>
				<control type="image">
					<left>322</left>
					<top>162</top>
					<width>52</width>
					<height>52</height>
					<texture>$INFO[ListItem.Art(clearlogo)]</texture>
				</control>
				<control type="label">
					<left>20</left>
					<top>130</top>
					<height>30</height>
					<width>300</width>
					<font>font10</font>
					<label>$INFO[ListItem.Title]</label>
				</control>
				<control type="label">
					<left>20</left>
					<top>160</top>
					<height>30</height>
					<width>300</width>
					<font>font10</font>
					<label>$INFO[ListItem.OriginalTitle]</label>
				</control>
				<control type="label">
					<left>20</left>
					<top>190</top>
					<height>30</height>
					<width>300</width>
					<font>font10</font>
					<textcolor>FF000000</textcolor>
					<label>$INFO[ListItem.Label]</label>
				</control>
			</itemlayout>
			<focusedlayout width="385" height="220">
				<control type="image">
					<left>0</left>
					<top>0</top>
					<width>380</width>
					<height>220</height>
					<texture>icons/b1.png</texture>
				</control>
				<control type="image">
					<left>0</left>
					<top>0</top>
					<width>380</width>
					<height>220</height>
					<texture>$INFO[ListItem.Art(thumb)]</texture>
				</control>
				<control type="image">
					<left>0</left>
					<top>130</top>
					<width>380</width>
					<height>90</height>
					<colordiffuse>DC000000</colordiffuse>
					<texture>icons/bw.png</texture>
				</control>	
				<control type="image">
					<left>0</left>
					<top>0</top>
					<width>380</width>
					<height>30</height>
					<colordiffuse>$INFO[ListItem.Art(poster)]</colordiffuse>
					<texture>icons/bw.png</texture>
				</control>
				<control type="label">
					<left>20</left>
					<top>4</top>
					<height>30</height>
					<width>380</width>
					<font>font10</font>
					<textcolor>FF000000</textcolor>
					<label>$INFO[ListItem.Art(landscape)]</label>
				</control>
				<control type="image">
					<left>0</left>
					<top>190</top>
					<width>380</width>
					<height>30</height>
					<colordiffuse>FFFFFFFF</colordiffuse>
					<texture>icons/bw.png</texture>
				</control>
				<control type="image">
					<left>316</left>
					<top>156</top>
					<width>64</width>
					<height>64</height>
					<texture>icons/bw.png</texture>
				</control>
				<control type="image">
					<left>322</left>
					<top>162</top>
					<width>52</width>
					<height>52</height>
					<texture>$INFO[ListItem.Art(clearlogo)]</texture>
				</control>
				<control type="label">
					<left>20</left>
					<top>130</top>
					<height>30</height>
					<width>300</width>
					<font>font10</font>
					<label>$INFO[ListItem.Title]</label>
				</control>
				<control type="label">
					<left>20</left>
					<top>160</top>
					<height>30</height>
					<width>300</width>
					<font>font10</font>
					<label>$INFO[ListItem.OriginalTitle]</label>
				</control>
				<control type="label">
					<left>20</left>
					<top>190</top>
					<height>30</height>
					<width>300</width>
					<font>font10</font>
					<textcolor>FF000000</textcolor>
					<label>$INFO[ListItem.Label]</label>
				</control>
				<control type="image">
					<left>0</left>
					<top>0</top>
					<width>380</width>
					<height>220</height>
					<texture>$INFO[ListItem.Label2]</texture>
					<visible>true</visible>
				</control>
			</focusedlayout>
		</control>
		<!-- 10 Row -->
		<control type="list" id="100">
			<left>50</left>
			<top>1990</top>
   		    <orientation>horizontal</orientation>
			<width>1230</width>
			<height>220</height>
			<itemlayout width="385" height="220">
				<control type="image">
					<left>0</left>
					<top>0</top>
					<width>380</width>
					<height>220</height>
					<texture>icons/b1.png</texture>
				</control>
				<control type="image">
					<left>0</left>
					<top>0</top>
					<width>380</width>
					<height>220</height>
					<texture>$INFO[ListItem.Art(thumb)]</texture>
				</control>
				<control type="image">
					<left>0</left>
					<top>130</top>
					<width>380</width>
					<height>90</height>
					<colordiffuse>DC000000</colordiffuse>
					<texture>icons/bw.png</texture>
				</control>	
				<control type="image">
					<left>0</left>
					<top>0</top>
					<width>380</width>
					<height>30</height>
					<colordiffuse>$INFO[ListItem.Art(poster)]</colordiffuse>
					<texture>icons/bw.png</texture>
				</control>
				<control type="label">
					<left>20</left>
					<top>4</top>
					<height>30</height>
					<width>380</width>
					<font>font10</font>
					<textcolor>FF000000</textcolor>
					<label>$INFO[ListItem.Art(landscape)]</label>
				</control>
				<control type="image">
					<left>0</left>
					<top>190</top>
					<width>380</width>
					<height>30</height>
					<colordiffuse>FFFFFFFF</colordiffuse>
					<texture>icons/bw.png</texture>
				</control>
				<control type="image">
					<left>316</left>
					<top>156</top>
					<width>64</width>
					<height>64</height>
					<texture>icons/bw.png</texture>
				</control>
				<control type="image">
					<left>322</left>
					<top>162</top>
					<width>52</width>
					<height>52</height>
					<texture>$INFO[ListItem.Art(clearlogo)]</texture>
				</control>
				<control type="label">
					<left>20</left>
					<top>130</top>
					<height>30</height>
					<width>300</width>
					<font>font10</font>
					<label>$INFO[ListItem.Title]</label>
				</control>
				<control type="label">
					<left>20</left>
					<top>160</top>
					<height>30</height>
					<width>300</width>
					<font>font10</font>
					<label>$INFO[ListItem.OriginalTitle]</label>
				</control>
				<control type="label">
					<left>20</left>
					<top>190</top>
					<height>30</height>
					<width>300</width>
					<font>font10</font>
					<textcolor>FF000000</textcolor>
					<label>$INFO[ListItem.Label]</label>
				</control>
			</itemlayout>
			<focusedlayout width="385" height="220">
				<control type="image">
					<left>0</left>
					<top>0</top>
					<width>380</width>
					<height>220</height>
					<texture>icons/b1.png</texture>
				</control>
				<control type="image">
					<left>0</left>
					<top>0</top>
					<width>380</width>
					<height>220</height>
					<texture>$INFO[ListItem.Art(thumb)]</texture>
				</control>
				<control type="image">
					<left>0</left>
					<top>130</top>
					<width>380</width>
					<height>90</height>
					<colordiffuse>DC000000</colordiffuse>
					<texture>icons/bw.png</texture>
				</control>	
				<control type="image">
					<left>0</left>
					<top>0</top>
					<width>380</width>
					<height>30</height>
					<colordiffuse>$INFO[ListItem.Art(poster)]</colordiffuse>
					<texture>icons/bw.png</texture>
				</control>
				<control type="label">
					<left>20</left>
					<top>4</top>
					<height>30</height>
					<width>380</width>
					<font>font10</font>
					<textcolor>FF000000</textcolor>
					<label>$INFO[ListItem.Art(landscape)]</label>
				</control>
				<control type="image">
					<left>0</left>
					<top>190</top>
					<width>380</width>
					<height>30</height>
					<colordiffuse>FFFFFFFF</colordiffuse>
					<texture>icons/bw.png</texture>
				</control>
				<control type="image">
					<left>316</left>
					<top>156</top>
					<width>64</width>
					<height>64</height>
					<texture>icons/bw.png</texture>
				</control>
				<control type="image">
					<left>322</left>
					<top>162</top>
					<width>52</width>
					<height>52</height>
					<texture>$INFO[ListItem.Art(clearlogo)]</texture>
				</control>
				<control type="label">
					<left>20</left>
					<top>130</top>
					<height>30</height>
					<width>300</width>
					<font>font10</font>
					<label>$INFO[ListItem.Title]</label>
				</control>
				<control type="label">
					<left>20</left>
					<top>160</top>
					<height>30</height>
					<width>300</width>
					<font>font10</font>
					<label>$INFO[ListItem.OriginalTitle]</label>
				</control>
				<control type="label">
					<left>20</left>
					<top>190</top>
					<height>30</height>
					<width>300</width>
					<font>font10</font>
					<textcolor>FF000000</textcolor>
					<label>$INFO[ListItem.Label]</label>
				</control>
				<control type="image">
					<left>0</left>
					<top>0</top>
					<width>380</width>
					<height>220</height>
					<texture>$INFO[ListItem.Label2]</texture>
					<visible>true</visible>
				</control>
			</focusedlayout>
		</control>
	
	</control>
	<!-- Fade -->
		<control type="image">
			<left>0</left>
			<top>0</top>
			<width>80</width>
			<height>720</height>
			<texture>icons/left.png</texture>
		</control>
		<control type="image">
			<left>1200</left>
			<top>0</top>
			<width>80</width>
			<height>720</height>
			<texture>icons/right.png</texture>
		</control>
		<control type="image">
			<left>0</left>
			<top>640</top>
			<width>1280</width>
			<height>80</height>
			<texture>icons/down.png</texture>
		</control>
		<control type="image">
			<left>0</left>
			<top>0</top>
			<width>1280</width>
			<height>80</height>
			<texture>icons/up.png</texture>
		</control>
	</controls>
</window>
